{
  "app/(app)/layout.tsx": 1776496885.8028493,
  "app/(app)/explore/page.tsx": 1776496885.8028493,
  "app/(app)/pool/[id]/page.tsx": 1776496885.8031113,
  "app/(app)/portfolio/page.tsx": 1776496885.8031113,
  "app/(app)/trade/page.tsx": 1776496885.8034182,
  "app/(app)/transactions/page.tsx": 1776496885.8034182
}