{
  "app/(app)/layout.tsx": 1776496885.8028493,
  "app/(app)/explore/page.tsx": 1776496885.8028493,
  "app/(app)/pool/[id]/page.tsx": 1776527253.8101985,
  "app/(app)/portfolio/page.tsx": 1776496885.8031113,
  "app/(app)/trade/page.tsx": 1776496885.8034182,
  "app/(app)/transactions/page.tsx": 1776496885.8034182,
  "app/(app)/graphify-out/GRAPH_REPORT.md": 1776518509.0283525,
  "app/(app)/graphify-out/graph.html": 1776518517.9799976,
  "app/(app)/graphify-out/graph_full.html": 1776514942.8686044,
  "app/(app)/graphify-out/memory/query_20260418_101338_what_are_the_main_route_entrypoints_and_layouts_in.md": 1776507218.9934196,
  "app/(app)/graphify-out/memory/query_20260418_101343_path_from_layout_to_trade_page.md": 1776507223.1395872,
  "app/(app)/graphify-out/memory/query_20260418_101348_explain_portfolio_page.md": 1776507228.070277,
  "app/(app)/graphify-out/memory/query_20260418_112931_path_from_wallet_analysis_to_walletanalysispanel.md": 1776511771.0509624,
  "app/(app)/graphify-out/memory/query_20260418_113033_what_are_the_core_execution_flows_in_the_agent_bui.md": 1776511833.6998563,
  "app/(app)/graphify-out/memory/query_20260418_113033_path_from_flowcanvas_to_botrunner.md": 1776511833.7917154,
  "app/(app)/graphify-out/memory/query_20260418_113033_path_from_node_registry_to_swapnode.md": 1776511833.8812044,
  "app/(app)/graphify-out/memory/query_20260418_113033_explain_backtestrunner.md": 1776511833.9695756,
  "app/(app)/graphify-out/memory/query_20260418_115536_what_product_areas_and_features_are_represented_in.md": 1776513336.3085296,
  "app/(app)/graphify-out/memory/query_20260418_122030_where_does_the_repo_duplicate_agent_builder_and_wo.md": 1776514830.427054
}