{
  "app/layout.tsx": 1776496885.8044627,
  "app/(app)/layout.tsx": 1776496885.8028493,
  "app/(app)/explore/page.tsx": 1776496885.8028493,
  "app/(app)/pool/[id]/page.tsx": 1776527253.8101985,
  "app/(app)/portfolio/page.tsx": 1776496885.8031113,
  "app/(app)/trade/page.tsx": 1776496885.8034182,
  "app/(app)/transactions/page.tsx": 1776496885.8034182,
  "app/(builder)/layout.tsx": 1776496885.8037317,
  "app/(builder)/agent-builder/page.tsx": 1776496885.8037317,
  "app/(landing)/layout.tsx": 1776496885.8037317,
  "app/(landing)/page.tsx": 1776496885.803964,
  "app/api/agent-builder/agent/route.ts": 1776496885.8040318,
  "app/api/agent-builder/chat/route.ts": 1776496885.8040318,
  "app/api/crypto/route.ts": 1776496885.8040318,
  "app/api/crypto/types.ts": 1776496885.8043928,
  "app/(app)/graphify-out/GRAPH_REPORT.md": 1776533417.0610201,
  "app/(app)/graphify-out/graph.html": 1776533417.0610201,
  "app/(app)/graphify-out/graph_full.html": 1776533417.0621448,
  "app/(app)/graphify-out/memory/query_20260418_101338_what_are_the_main_route_entrypoints_and_layouts_in.md": 1776507218.9934196,
  "app/(app)/graphify-out/memory/query_20260418_101343_path_from_layout_to_trade_page.md": 1776507223.1395872,
  "app/(app)/graphify-out/memory/query_20260418_101348_explain_portfolio_page.md": 1776507228.070277,
  "app/(app)/graphify-out/memory/query_20260418_112931_path_from_wallet_analysis_to_walletanalysispanel.md": 1776511771.0509624,
  "app/(app)/graphify-out/memory/query_20260418_113033_what_are_the_core_execution_flows_in_the_agent_bui.md": 1776511833.6998563,
  "app/(app)/graphify-out/memory/query_20260418_113033_path_from_flowcanvas_to_botrunner.md": 1776511833.7917154,
  "app/(app)/graphify-out/memory/query_20260418_113033_path_from_node_registry_to_swapnode.md": 1776511833.8812044,
  "app/(app)/graphify-out/memory/query_20260418_113033_explain_backtestrunner.md": 1776511833.9695756,
  "app/(app)/graphify-out/memory/query_20260418_115536_what_product_areas_and_features_are_represented_in.md": 1776513336.3085296,
  "app/(app)/graphify-out/memory/query_20260418_122030_where_does_the_repo_duplicate_agent_builder_and_wo.md": 1776514830.427054,
  "app/(builder)/graphify-out/GRAPH_REPORT.md": 1776518722.283495,
  "app/(builder)/graphify-out/graph.html": 1776518729.5392015,
  "app/(builder)/graphify-out/graph_full.html": 1776514942.8686044,
  "app/(builder)/graphify-out/memory/query_20260418_101338_what_are_the_main_route_entrypoints_and_layouts_in.md": 1776507218.9934196,
  "app/(builder)/graphify-out/memory/query_20260418_101343_path_from_layout_to_trade_page.md": 1776507223.1395872,
  "app/(builder)/graphify-out/memory/query_20260418_101348_explain_portfolio_page.md": 1776507228.070277,
  "app/(builder)/graphify-out/memory/query_20260418_112931_path_from_wallet_analysis_to_walletanalysispanel.md": 1776511771.0509624,
  "app/(builder)/graphify-out/memory/query_20260418_113033_what_are_the_core_execution_flows_in_the_agent_bui.md": 1776511833.6998563,
  "app/(builder)/graphify-out/memory/query_20260418_113033_path_from_flowcanvas_to_botrunner.md": 1776511833.7917154,
  "app/(builder)/graphify-out/memory/query_20260418_113033_path_from_node_registry_to_swapnode.md": 1776511833.8812044,
  "app/(builder)/graphify-out/memory/query_20260418_113033_explain_backtestrunner.md": 1776511833.9695756,
  "app/(builder)/graphify-out/memory/query_20260418_115536_what_product_areas_and_features_are_represented_in.md": 1776513336.3085296,
  "app/(builder)/graphify-out/memory/query_20260418_122030_where_does_the_repo_duplicate_agent_builder_and_wo.md": 1776514830.427054,
  "app/api/graphify-out/GRAPH_REPORT.md": 1776520221.660736,
  "app/api/graphify-out/graph.html": 1776520228.6924257,
  "app/api/graphify-out/graph_full.html": 1776514942.8686044,
  "app/api/graphify-out/memory/query_20260418_101338_what_are_the_main_route_entrypoints_and_layouts_in.md": 1776507218.9934196,
  "app/api/graphify-out/memory/query_20260418_101343_path_from_layout_to_trade_page.md": 1776507223.1395872,
  "app/api/graphify-out/memory/query_20260418_101348_explain_portfolio_page.md": 1776507228.070277,
  "app/api/graphify-out/memory/query_20260418_112931_path_from_wallet_analysis_to_walletanalysispanel.md": 1776511771.0509624,
  "app/api/graphify-out/memory/query_20260418_113033_what_are_the_core_execution_flows_in_the_agent_bui.md": 1776511833.6998563,
  "app/api/graphify-out/memory/query_20260418_113033_path_from_flowcanvas_to_botrunner.md": 1776511833.7917154,
  "app/api/graphify-out/memory/query_20260418_113033_path_from_node_registry_to_swapnode.md": 1776511833.8812044,
  "app/api/graphify-out/memory/query_20260418_113033_explain_backtestrunner.md": 1776511833.9695756,
  "app/api/graphify-out/memory/query_20260418_115536_what_product_areas_and_features_are_represented_in.md": 1776513336.3085296,
  "app/api/graphify-out/memory/query_20260418_122030_where_does_the_repo_duplicate_agent_builder_and_wo.md": 1776514830.427054
}