{
  "app/(builder)/layout.tsx": 1776496885.8037317,
  "app/(builder)/agent-builder/page.tsx": 1776496885.8037317
}