{
  "agent-builder.ts": 1776496885.8285775,
  "transaction-store.ts": 1776496885.8289714
}