{
  "app/api/agent-builder/agent/route.ts": 1776496885.8040318,
  "app/api/agent-builder/chat/route.ts": 1776496885.8040318,
  "app/api/crypto/route.ts": 1776496885.8040318,
  "app/api/crypto/types.ts": 1776496885.8043928,
  "app/api/graphify-out/GRAPH_REPORT.md": 1776509322.6288166
}