{
  "graphify-meta/00-root-README.md": 1776542618.1492136,
  "graphify-meta/01-implementation-summary.md": 1776542618.1512136,
  "graphify-meta/12-trade-report.md": 1776542618.1552136,
  "graphify-meta/13-portfolio-report.md": 1776542618.1572137,
  "graphify-meta/14-agent-builder-components-report.md": 1776542618.1582139,
  "graphify-meta/15-agent-builder-lib-report.md": 1776542618.1592138,
  "graphify-meta/16-avax-agent-report.md": 1776542618.1612139,
  "graphify-meta/17-lib-api-report.md": 1776542618.1622138,
  "graphify-meta/18-app-api-report.md": 1776542618.164214,
  "graphify-meta/10-app-shell-report.md": 1776542618.1522136,
  "graphify-meta/11-ui-kit-report.md": 1776542618.1542137
}