{
  "graphify-meta/00-root-README.md": 1776513450.187118,
  "graphify-meta/01-implementation-summary.md": 1776513450.188118,
  "graphify-meta/12-trade-report.md": 1776513450.1921182,
  "graphify-meta/13-portfolio-report.md": 1776513450.1941183,
  "graphify-meta/14-agent-builder-components-report.md": 1776513450.1951182,
  "graphify-meta/15-agent-builder-lib-report.md": 1776513450.1961184,
  "graphify-meta/16-avax-agent-report.md": 1776513450.1981184,
  "graphify-meta/17-lib-api-report.md": 1776513450.1991184,
  "graphify-meta/18-app-api-report.md": 1776513450.2001185,
  "graphify-meta/10-app-shell-report.md": 1776513450.1891181,
  "graphify-meta/11-ui-kit-report.md": 1776513450.1911182
}