{
  "avax-agent/public/file.svg": 1776496885.80845,
  "avax-agent/public/globe.svg": 1776496885.809571,
  "avax-agent/public/next.svg": 1776496885.809571,
  "avax-agent/public/vercel.svg": 1776496885.809571,
  "avax-agent/public/window.svg": 1776496885.809571
}