{
  "index.ts": 1776496885.8197362,
  "use-avalanche-wallet.tsx": 1776496885.8200262,
  "use-custom-address-analysis.tsx": 1776496885.8200262,
  "use-dex-aggregator.tsx": 1776496885.8200262,
  "use-dex-pools.tsx": 1776496885.8200262,
  "use-dex-swap.tsx": 1776496885.8200262,
  "use-liquidity.tsx": 1776496885.8200262,
  "use-mobile.tsx": 1776496885.8200262,
  "use-pool-details.tsx": 1776496885.8200262,
  "use-wallet-analysis-query.tsx": 1776496885.8200262,
  "use-wallet-analysis.tsx": 1776496885.8200262
}