{
  "config.ts": 1776496885.8197362,
  "index.ts": 1776496885.8197362,
  "abis/index.ts": 1776496885.8197362
}