{
  "block-templates.ts": 1776496885.8209846,
  "chatbot.ts": 1776496885.8209846,
  "storage.ts": 1776496885.821799,
  "templates.ts": 1776496885.821799,
  "agent/systemPrompt.ts": 1776496885.8207562,
  "agent/tools.ts": 1776496885.8208325,
  "avalanche/provider.ts": 1776496885.8208325,
  "backtest/BacktestRunner.ts": 1776496885.8208325,
  "backtest/fetchHistory.ts": 1776496885.8209846,
  "engine/BotRunner.ts": 1776496885.8209846,
  "nodes/BaseNode.ts": 1776496885.8209846,
  "nodes/registry.ts": 1776496885.821799,
  "nodes/action/AddChartMarkerNode.ts": 1776496885.8212807,
  "nodes/action/LimitOrderNode.ts": 1776496885.8213584,
  "nodes/action/NotificationNode.ts": 1776496885.8213584,
  "nodes/action/SwapNode.ts": 1776496885.8213584,
  "nodes/data/DEXPriceNode.ts": 1776496885.8213584,
  "nodes/data/PriceFeedNode.ts": 1776496885.8215425,
  "nodes/data/WalletBalanceNode.ts": 1776496885.8215425,
  "nodes/flow/EndNode.ts": 1776496885.8215425,
  "nodes/flow/MergeNode.ts": 1776496885.821656,
  "nodes/flow/ScheduleTriggerNode.ts": 1776496885.821656,
  "nodes/flow/StartNode.ts": 1776496885.821656,
  "nodes/logic/AccumulatorNode.ts": 1776496885.821656,
  "nodes/logic/ConditionNode.ts": 1776496885.821799,
  "nodes/logic/DelayNode.ts": 1776496885.821799,
  "nodes/logic/MathNode.ts": 1776496885.821799,
  "nodes/logic/MovingAverageNode.ts": 1776496885.821799,
  "nodes/logic/PreviousValueNode.ts": 1776496885.821799,
  "nodes/logic/ThresholdAlertNode.ts": 1776496885.821799,
  "nodes/logic/VariableNode.ts": 1776496885.821799
}