{
  "next.config.ts": 1776496885.8075497,
  "postcss.config.mjs": 1776496885.80845,
  "app/layout.tsx": 1776496885.804889,
  "app/page.tsx": 1776496885.804889,
  "app/api/agent/route.ts": 1776496885.804889,
  "app/canvas/page.tsx": 1776496885.804889,
  "components/canvas/AgentSidebar.tsx": 1776496885.805373,
  "components/canvas/BacktestConfigStrip.tsx": 1776496885.8055482,
  "components/canvas/BacktestSummaryModal.tsx": 1776496885.8055482,
  "components/canvas/ChartPanel.tsx": 1776496885.8055482,
  "components/canvas/ConfigPanel.tsx": 1776496885.8055482,
  "components/canvas/FlowCanvas.tsx": 1776496885.8055482,
  "components/canvas/NodePalette.tsx": 1776496885.8055482,
  "components/canvas/ToastContainer.tsx": 1776496885.8055482,
  "components/canvas/TopBar.tsx": 1776496885.8055482,
  "components/canvas/WorkflowManager.tsx": 1776496885.8055482,
  "components/nodes/BaseNodeComponent.tsx": 1776496885.8055482,
  "lib/templates.ts": 1776496885.8075497,
  "lib/agent/systemPrompt.ts": 1776496885.8063123,
  "lib/agent/tools.ts": 1776496885.8064747,
  "lib/avalanche/provider.ts": 1776496885.8064747,
  "lib/backtest/BacktestRunner.ts": 1776496885.8064747,
  "lib/backtest/fetchHistory.ts": 1776496885.806666,
  "lib/engine/BotRunner.ts": 1776496885.806666,
  "lib/nodes/BaseNode.ts": 1776496885.806666,
  "lib/nodes/registry.ts": 1776496885.8075497,
  "lib/nodes/action/AddChartMarkerNode.ts": 1776496885.806894,
  "lib/nodes/action/LimitOrderNode.ts": 1776496885.8069596,
  "lib/nodes/action/NotificationNode.ts": 1776496885.8069596,
  "lib/nodes/action/SwapNode.ts": 1776496885.8069596,
  "lib/nodes/data/DEXPriceNode.ts": 1776496885.8069596,
  "lib/nodes/data/PriceFeedNode.ts": 1776496885.8071733,
  "lib/nodes/data/WalletBalanceNode.ts": 1776496885.8071733,
  "lib/nodes/flow/EndNode.ts": 1776496885.8071733,
  "lib/nodes/flow/MergeNode.ts": 1776496885.8073633,
  "lib/nodes/flow/ScheduleTriggerNode.ts": 1776496885.8073633,
  "lib/nodes/flow/StartNode.ts": 1776496885.8073633,
  "lib/nodes/logic/AccumulatorNode.ts": 1776496885.8073633,
  "lib/nodes/logic/ConditionNode.ts": 1776496885.8075497,
  "lib/nodes/logic/DelayNode.ts": 1776496885.8075497,
  "lib/nodes/logic/MathNode.ts": 1776496885.8075497,
  "lib/nodes/logic/MovingAverageNode.ts": 1776496885.8075497,
  "lib/nodes/logic/PreviousValueNode.ts": 1776496885.8075497,
  "lib/nodes/logic/ThresholdAlertNode.ts": 1776496885.8075497,
  "lib/nodes/logic/VariableNode.ts": 1776496885.8075497,
  "store/useStore.ts": 1776496885.809571,
  "types/index.ts": 1776496885.809571,
  "README.md": 1776496885.80483,
  "public/file.svg": 1776496885.80845,
  "public/globe.svg": 1776496885.809571,
  "public/next.svg": 1776496885.809571,
  "public/vercel.svg": 1776496885.809571,
  "public/window.svg": 1776496885.809571
}