{
  "AddLiquidityCard.tsx": 1776496885.8146994,
  "CryptoLogoCursor.tsx": 1776496885.8150804,
  "PoolLiquidity.tsx": 1776496885.8150804,
  "SelectedPoolInfo.tsx": 1776496885.8150804,
  "SwapCard.tsx": 1776496885.8150804,
  "SwapCardDex.tsx": 1776496885.8150804,
  "SwapHistory.tsx": 1776496885.8150804,
  "ToggleSection.tsx": 1776496885.8150804
}