{
  "app/layout.tsx": 1776496885.8044627,
  "app/(app)/layout.tsx": 1776496885.8028493,
  "app/(app)/explore/page.tsx": 1776496885.8028493,
  "app/(app)/pool/[id]/page.tsx": 1776496885.8031113,
  "app/(app)/portfolio/page.tsx": 1776496885.8031113,
  "app/(app)/trade/page.tsx": 1776496885.8034182,
  "app/(app)/transactions/page.tsx": 1776496885.8034182,
  "app/(builder)/layout.tsx": 1776496885.8037317,
  "app/(builder)/agent-builder/page.tsx": 1776496885.8037317,
  "app/(landing)/layout.tsx": 1776496885.8037317,
  "app/(landing)/page.tsx": 1776496885.803964,
  "app/api/agent-builder/agent/route.ts": 1776496885.8040318,
  "app/api/agent-builder/chat/route.ts": 1776496885.8040318,
  "app/api/crypto/route.ts": 1776496885.8040318,
  "app/api/crypto/types.ts": 1776496885.8043928
}