{
  "public/logo.png": 1776496885.8236012,
  "public/swap-preview.png": 1776496885.8274505,
  "public/bento/LiquidityProvisions.svg": 1776496885.8234992,
  "public/bento/TradingAPI.svg": 1776496885.8236012,
  "public/bento/Unichain.svg": 1776496885.8236012,
  "public/bento/UniswapX-bg.svg": 1776496885.8236012,
  "public/bento/UniswapX.svg": 1776496885.8236012
}