{
  "agent-builder-canvas.ts": 1776496885.8289714,
  "agent-builder.ts": 1776496885.8292453,
  "index.ts": 1776496885.8292453
}