{
  "addLiquidity.js": 1776496885.8274505,
  "multiHopSwap.js": 1776496885.8285775,
  "quickStart.js": 1776496885.8285775,
  "swap.js": 1776496885.8285775
}